Descrição da vaga;Lei Decreto;Ato;Matrícula;Nome;;;CPF;Lotação
ASSESSOR TECNICO I;135/2011;273/2013;196701;RAFAEL SILVA XAVIER;;;004.***.***-**;2101 - Fundo Municipal de Saúde
ASSESSOR TECNICO II;317/2017;486/2013;75401;CIDIUNEI JOAO DA SILVA;;;798.***.***-**;2111 - Vigilância Sanitária
CHEFE DE SEÇÃO;184/2013;2258/2019;63309801;ADRIANA MAZETTO;;;048.***.***-**;2101 - Fundo Municipal de Saúde
CHEFE DE SEÇÃO;184/2013;706/2013;75601;ANTONIO CARLOS MEES;;;486.***.***-**;2101 - Fundo Municipal de Saúde
CHEFE DE SEÇÃO;184/2013;2198/2015;140204;MARIA APARECIDA GAZANIGA;;;906.***.***-**;2101 - Fundo Municipal de Saúde
CHEFE DE SEÇÃO;184/2013;1659/2018;1803303;DAVID ROBERTO ALVES BARBOSA;;;597.***.***-**;2101 - Fundo Municipal de Saúde
COORDENADOR EXECUTIVO;300/2016;742/2018;1679304;CARLA DA SILVA DE CARVALHO;;;095.***.***-**;2101 - Fundo Municipal de Saúde
DIRETOR DE DEPARTAMENTO;296/2016;747/2018;203706;SILVANA ADRIANO FRANCEZ;;;005.***.***-**;2101 - Fundo Municipal de Saúde
DIRETOR DE DEPARTAMENTO;296/2016;1410/2019;6266601;SALETE DE FATIMA DOS SANTOS;;;852.***.***-**;2101 - Fundo Municipal de Saúde
EXEC PROJET ESTRAT I;175/2013;121/2014;1626303;UGILSON LUIZ FOLLE;;;550.***.***-**;2101 - Fundo Municipal de Saúde
EXEC PROJET ESTRAT II;119/2011;2203/2015;212302;BELMIRA MARIA MARTINS OTTOBONI;;;972.***.***-**;2101 - Fundo Municipal de Saúde
EXEC PROJET ESTRAT III;119/2011;2205/2015;239603;JOSE CARLOS SANTOS DE OLIVEIRA;;;510.***.***-**;2101 - Fundo Municipal de Saúde
GERENTE;310/2016;1132/2013;133805;REGIANE RODRIGUES;;;023.***.***-**;2101 - Fundo Municipal de Saúde
GERENTE;310/2016;2321/2015;368008;ALESSANDRA REGINA LUCAS;;;046.***.***-**;2101 - Fundo Municipal de Saúde
GERENTE;310/2016;2209/2015;422305;MELISSA CRISTINA CORREA;;;046.***.***-**;2101 - Fundo Municipal de Saúde
GERENTE;310/2016;2206/2015;443401;IVANIR ZEFERINO DOS SANTOS;;;753.***.***-**;2101 - Fundo Municipal de Saúde
GERENTE;310/2016;2208/2015;6213101;JULIANA PRAUSO;;;036.***.***-**;2101 - Fundo Municipal de Saúde
GERENTE;310/2016;2817/2015;6234701;RAPHAELY LOPES DE GOUVEA RIBEIRO;;;109.***.***-**;2101 - Fundo Municipal de Saúde
GERENTE;310/2016;2644/2017;63312501;CAROLINE FERNANDES FREITAS;;;043.***.***-**;2101 - Fundo Municipal de Saúde
GESTOR PUBLIC MUNI I;310/2016;919/2016;450101;ISALETE MARIA DA SILVA;;;753.***.***-**;2101 - Fundo Municipal de Saúde
GESTOR PUBLIC MUNI I;310/2016;897/2013;341805;VANIA KRUEGER ALVES;;;711.***.***-**;2101 - Fundo Municipal de Saúde
GESTOR PUBLIC MUNI I;310/2016;252/2014;444203;EDVALDO COUTO;;;471.***.***-**;2101 - Fundo Municipal de Saúde
